governor,seed,crashed,total_tasks,active_steps,norm_throughput,mean_queue_backlog
Always-Max,100,True,287.0,62,4.629032258064516,4.774516129032258
Always-Max,101,True,260.0,62,4.193548387096774,4.387419354838709
Always-Max,102,True,281.0,62,4.532258064516129,4.806774193548387
Always-Max,103,True,270.0,62,4.354838709677419,4.500241935483871
Always-Max,104,True,279.0,61,4.573770491803279,4.606803278688524
Always-Max,105,True,265.0,61,4.344262295081967,4.442868852459016
Always-Max,106,True,287.0,62,4.629032258064516,4.70991935483871
Always-Max,107,True,260.0,62,4.193548387096774,4.226048387096774
Always-Max,108,True,274.0,61,4.491803278688525,4.52483606557377
Always-Max,109,True,262.0,61,4.295081967213115,4.459344262295081
Always-Max,110,True,258.0,62,4.161290322580645,4.226048387096774
Always-Max,111,True,272.0,62,4.387096774193548,4.516451612903226
Always-Max,112,True,267.0,61,4.377049180327869,4.377213114754098
Always-Max,113,True,283.0,62,4.564516129032258,4.629274193548387
Always-Max,114,True,272.0,62,4.387096774193548,4.564758064516129
Always-Max,115,True,254.0,62,4.096774193548387,4.145403225806452
Always-Max,116,True,249.0,61,4.081967213114754,4.279016393442623
Always-Max,117,True,258.0,62,4.161290322580645,4.274516129032258
Always-Max,118,True,279.0,61,4.573770491803279,4.639590163934426
Always-Max,119,True,263.0,61,4.311475409836065,4.311639344262295
Always-Max,120,True,243.0,62,3.9193548387096775,4.016370967741936
Always-Max,121,True,266.0,62,4.290322580645161,4.419677419354838
Always-Max,122,True,249.0,62,4.016129032258065,4.080887096774194
Always-Max,123,True,245.0,62,3.9516129032258065,3.9841129032258062
Always-Max,124,True,283.0,61,4.639344262295082,4.819918032786885
Always-Max,125,True,265.0,62,4.274193548387097,4.274435483870968
Always-Max,126,True,280.0,61,4.590163934426229,4.590409836065573
Always-Max,127,True,267.0,62,4.306451612903226,4.435725806451613
Always-Max,128,True,267.0,62,4.306451612903226,4.403467741935484
Always-Max,129,True,277.0,62,4.467741935483871,4.726129032258064
Powersave,100,False,150.0,150,1.0,172.06666666666666
Powersave,101,False,150.0,150,1.0,166.9
Powersave,102,False,150.0,150,1.0,167.04666666666665
Powersave,103,False,150.0,150,1.0,164.14666666666668
Powersave,104,False,150.0,150,1.0,169.71333333333334
Powersave,105,False,150.0,150,1.0,165.9
Powersave,106,False,150.0,150,1.0,168.92666666666668
Powersave,107,False,150.0,150,1.0,164.79333333333332
Powersave,108,False,150.0,150,1.0,166.75333333333333
Powersave,109,False,150.0,150,1.0,166.15333333333334
Powersave,110,False,150.0,150,1.0,167.85333333333332
Powersave,111,False,150.0,150,1.0,165.43333333333334
Powersave,112,False,150.0,150,1.0,167.98
Powersave,113,False,150.0,150,1.0,168.96666666666667
Powersave,114,False,150.0,150,1.0,163.40666666666667
Powersave,115,False,150.0,150,1.0,162.7
Powersave,116,False,150.0,150,1.0,167.1
Powersave,117,False,150.0,150,1.0,163.40666666666667
Powersave,118,False,150.0,150,1.0,170.14
Powersave,119,False,150.0,150,1.0,163.23333333333332
Powersave,120,False,150.0,150,1.0,160.74
Powersave,121,False,150.0,150,1.0,164.79333333333332
Powersave,122,False,150.0,150,1.0,165.65333333333334
Powersave,123,False,150.0,150,1.0,161.93333333333334
Powersave,124,False,150.0,150,1.0,169.94666666666666
Powersave,125,False,150.0,150,1.0,162.76
Powersave,126,False,150.0,150,1.0,168.38
Powersave,127,False,150.0,150,1.0,169.06666666666666
Powersave,128,False,150.0,150,1.0,164.12
Powersave,129,False,150.0,150,1.0,167.34
Static Threshold,100,False,668.0,150,4.453333333333333,15.581086666666666
Static Threshold,101,False,614.0,150,4.093333333333334,10.48082
Static Threshold,102,False,687.0,150,4.58,16.014460000000003
Static Threshold,103,False,609.0,150,4.06,10.214153333333334
Static Threshold,104,False,627.0,150,4.18,12.074246666666665
Static Threshold,105,False,572.0,150,3.8133333333333335,10.007193333333333
Static Threshold,106,False,626.0,150,4.173333333333333,10.154053333333334
Static Threshold,107,False,618.0,150,4.12,10.81422
Static Threshold,108,False,638.0,150,4.253333333333333,14.514266666666666
Static Threshold,109,False,626.0,150,4.173333333333333,16.2678
Static Threshold,110,False,580.0,150,3.8666666666666667,9.127413333333333
Static Threshold,111,False,627.0,150,4.18,10.954066666666666
Static Threshold,112,False,633.0,150,4.22,13.667573333333337
Static Threshold,113,False,624.0,150,4.16,10.147326666666666
Static Threshold,114,False,645.0,150,4.3,17.92780666666667
Static Threshold,115,False,609.0,150,4.06,12.960793333333333
Static Threshold,116,False,602.0,150,4.013333333333334,9.867179999999998
Static Threshold,117,False,615.0,150,4.1,14.047579999999998
Static Threshold,118,False,675.0,150,4.5,17.860906666666665
Static Threshold,119,False,609.0,150,4.06,14.687546666666668
Static Threshold,120,False,591.0,150,3.94,12.287546666666668
Static Threshold,121,False,606.0,150,4.04,13.340919999999999
Static Threshold,122,False,562.0,150,3.7466666666666666,9.64064
Static Threshold,123,False,632.0,150,4.213333333333333,11.114333333333333
Static Threshold,124,False,632.0,150,4.213333333333333,10.754073333333332
Static Threshold,125,False,598.0,150,3.986666666666667,10.267493333333334
Static Threshold,126,False,665.0,150,4.433333333333334,15.574373333333334
Static Threshold,127,False,596.0,150,3.973333333333333,9.987426666666666
Static Threshold,128,False,652.0,150,4.346666666666667,12.867553333333333
Static Threshold,129,False,662.0,150,4.413333333333333,15.674366666666668
Proposed PPO RL,100,False,666.0,150,4.44,5.320566666666667
Proposed PPO RL,101,False,614.0,150,4.093333333333334,4.853846666666667
Proposed PPO RL,102,False,687.0,150,4.58,5.367126666666667
Proposed PPO RL,103,False,608.0,150,4.053333333333334,4.620299999999999
Proposed PPO RL,104,False,627.0,150,4.18,4.62078
Proposed PPO RL,105,True,349.0,85,4.105882352941176,5.236294117647058
Proposed PPO RL,106,False,626.0,150,4.173333333333333,4.686913333333334
Proposed PPO RL,107,False,616.0,150,4.1066666666666665,4.706966666666666
Proposed PPO RL,108,False,636.0,150,4.24,4.673686666666667
Proposed PPO RL,109,False,626.0,150,4.173333333333333,4.913846666666666
Proposed PPO RL,110,False,580.0,150,3.8666666666666667,4.4873933333333325
Proposed PPO RL,111,False,627.0,150,4.18,5.047126666666666
Proposed PPO RL,112,False,633.0,150,4.22,4.566966666666667
Proposed PPO RL,113,False,624.0,150,4.16,4.64046
Proposed PPO RL,114,False,645.0,150,4.3,4.893739999999999
Proposed PPO RL,115,False,607.0,150,4.046666666666667,4.500299999999999
Proposed PPO RL,116,True,336.0,85,3.9529411764705884,4.906788235294117
Proposed PPO RL,117,False,615.0,150,4.1,4.573686666666666
Proposed PPO RL,118,True,400.0,85,4.705882352941177,6.283258823529412
Proposed PPO RL,119,False,609.0,150,4.06,4.426966666666666
Proposed PPO RL,120,False,591.0,150,3.94,4.333686666666667
Proposed PPO RL,121,False,606.0,150,4.04,4.7338466666666665
Proposed PPO RL,122,False,562.0,150,3.7466666666666666,4.140406666666666
Proposed PPO RL,123,False,632.0,150,4.213333333333333,4.927126666666666
Proposed PPO RL,124,False,632.0,150,4.213333333333333,4.913846666666666
Proposed PPO RL,125,False,598.0,150,3.986666666666667,4.433633333333333
Proposed PPO RL,126,True,382.0,85,4.4941176470588236,5.165611764705882
Proposed PPO RL,127,False,595.0,150,3.966666666666667,4.713953333333333
Proposed PPO RL,128,False,652.0,150,4.346666666666667,4.953686666666667
Proposed PPO RL,129,False,662.0,150,4.413333333333333,5.760566666666667
Ablated PPO (w/o dP),100,False,666.0,150,4.44,5.626906666666667
Ablated PPO (w/o dP),101,False,614.0,150,4.093333333333334,5.1335733333333335
Ablated PPO (w/o dP),102,False,687.0,150,4.58,5.606906666666667
Ablated PPO (w/o dP),103,False,608.0,150,4.053333333333334,4.793473333333333
Ablated PPO (w/o dP),104,False,627.0,150,4.18,5.026986666666667
Ablated PPO (w/o dP),105,True,349.0,85,4.105882352941176,5.788694117647059
Ablated PPO (w/o dP),106,False,626.0,150,4.173333333333333,4.84012
Ablated PPO (w/o dP),107,False,616.0,150,4.1066666666666665,4.886826666666667
Ablated PPO (w/o dP),108,False,636.0,150,4.24,4.886846666666667
Ablated PPO (w/o dP),109,False,626.0,150,4.173333333333333,5.20024
Ablated PPO (w/o dP),110,False,580.0,150,3.8666666666666667,4.8603000000000005
Ablated PPO (w/o dP),111,False,627.0,150,4.18,5.32024
Ablated PPO (w/o dP),112,False,633.0,150,4.22,4.753493333333333
Ablated PPO (w/o dP),113,False,624.0,150,4.16,4.9002
Ablated PPO (w/o dP),114,False,645.0,150,4.3,5.113513333333334
Ablated PPO (w/o dP),115,False,607.0,150,4.046666666666667,4.666806666666666
Ablated PPO (w/o dP),116,True,336.0,85,3.9529411764705884,5.400388235294118
Ablated PPO (w/o dP),117,False,615.0,150,4.1,4.793533333333333
Ablated PPO (w/o dP),118,True,400.0,85,4.705882352941177,6.800423529411765
Ablated PPO (w/o dP),119,False,609.0,150,4.06,4.586786666666667
Ablated PPO (w/o dP),120,False,591.0,150,3.94,4.54016
Ablated PPO (w/o dP),121,False,606.0,150,4.04,5.013573333333333
Ablated PPO (w/o dP),122,False,562.0,150,3.7466666666666666,4.3602
Ablated PPO (w/o dP),123,False,632.0,150,4.213333333333333,5.173533333333333
Ablated PPO (w/o dP),124,False,632.0,150,4.213333333333333,5.206966666666667
Ablated PPO (w/o dP),125,False,598.0,150,3.986666666666667,4.593453333333334
Ablated PPO (w/o dP),126,True,382.0,85,4.4941176470588236,5.671011764705883
Ablated PPO (w/o dP),127,False,595.0,150,3.966666666666667,5.04026
Ablated PPO (w/o dP),128,False,652.0,150,4.346666666666667,5.146846666666667
Ablated PPO (w/o dP),129,False,662.0,150,4.413333333333333,6.066906666666667
DQN RL,100,False,666.0,150,4.44,4.713586666666667
DQN RL,101,False,614.0,150,4.093333333333334,4.326866666666667
DQN RL,102,False,687.0,150,4.58,4.87362
DQN RL,103,False,608.0,150,4.053333333333334,4.313553333333332
DQN RL,104,False,627.0,150,4.18,4.3334866666666665
DQN RL,105,True,349.0,85,4.105882352941176,4.4238
DQN RL,106,False,626.0,150,4.173333333333333,4.380293333333333
DQN RL,107,False,616.0,150,4.1066666666666665,4.4201533333333325
DQN RL,108,False,636.0,150,4.24,4.46012
DQN RL,109,True,359.0,84,4.273809523809524,4.607440476190476
DQN RL,110,False,580.0,150,3.8666666666666667,3.9935
DQN RL,111,False,627.0,150,4.18,4.487006666666666
DQN RL,112,False,633.0,150,4.22,4.4134
DQN RL,113,False,624.0,150,4.16,4.3601
DQN RL,114,False,645.0,150,4.3,4.560239999999999
DQN RL,115,False,607.0,150,4.046666666666667,4.2535
DQN RL,116,True,336.0,85,3.9529411764705884,4.2239176470588236
DQN RL,117,False,615.0,150,4.1,4.273466666666667
DQN RL,118,True,395.0,83,4.759036144578313,5.060771084337349
DQN RL,119,True,367.0,85,4.317647058823529,4.541352941176471
DQN RL,120,False,591.0,150,3.94,4.160153333333333
DQN RL,121,False,606.0,150,4.04,4.226973333333333
DQN RL,122,False,562.0,150,3.7466666666666666,3.920153333333333
DQN RL,123,False,632.0,150,4.213333333333333,4.460133333333333
DQN RL,124,False,632.0,150,4.213333333333333,4.4802
DQN RL,125,False,598.0,150,3.986666666666667,4.100253333333334
DQN RL,126,True,378.0,84,4.5,4.785952380952381
DQN RL,127,False,595.0,150,3.966666666666667,4.213466666666666
DQN RL,128,False,652.0,150,4.346666666666667,4.63352
DQN RL,129,False,662.0,150,4.413333333333333,4.7672
