profile,governor,seed,crashed,mean_queue_backlog,total_tasks,active_steps
standard_cloudy,Powersave,200,False,169.71333,150.0,150
standard_cloudy,Powersave,201,False,159.02667,150.0,150
standard_cloudy,Powersave,202,False,167.61333,150.0,150
standard_cloudy,Powersave,203,False,165.26,150.0,150
standard_cloudy,Powersave,204,False,166.93333,150.0,150
standard_cloudy,Powersave,205,False,159.37334,150.0,150
standard_cloudy,Powersave,206,False,171.54,150.0,150
standard_cloudy,Powersave,207,False,170.16667,150.0,150
standard_cloudy,Powersave,208,False,169.57333,150.0,150
standard_cloudy,Powersave,209,False,169.14,150.0,150
standard_cloudy,Powersave,210,False,167.37334,150.0,150
standard_cloudy,Powersave,211,False,167.24667,150.0,150
standard_cloudy,Powersave,212,False,167.24,150.0,150
standard_cloudy,Powersave,213,False,171.93333,150.0,150
standard_cloudy,Powersave,214,False,169.36667,150.0,150
standard_cloudy,Powersave,215,False,167.99333,150.0,150
standard_cloudy,Powersave,216,False,162.81334,150.0,150
standard_cloudy,Powersave,217,False,167.5,150.0,150
standard_cloudy,Powersave,218,False,166.33333,150.0,150
standard_cloudy,Powersave,219,False,164.98,150.0,150
standard_cloudy,Powersave,220,False,165.9,150.0,150
standard_cloudy,Powersave,221,False,167.56667,150.0,150
standard_cloudy,Powersave,222,False,167.48,150.0,150
standard_cloudy,Powersave,223,False,161.18,150.0,150
standard_cloudy,Powersave,224,False,167.67334,150.0,150
standard_cloudy,Powersave,225,False,165.81334,150.0,150
standard_cloudy,Powersave,226,False,166.90666,150.0,150
standard_cloudy,Powersave,227,False,167.87334,150.0,150
standard_cloudy,Powersave,228,False,164.64,150.0,150
standard_cloudy,Powersave,229,False,161.78,150.0,150
standard_cloudy,Static Threshold,200,False,17.734547,673.0,150
standard_cloudy,Static Threshold,201,False,13.667672,593.0000000000001,150
standard_cloudy,Static Threshold,202,False,10.2207,608.0,150
standard_cloudy,Static Threshold,203,False,12.700827,613.0,150
standard_cloudy,Static Threshold,204,False,11.067493,608.0,150
standard_cloudy,Static Threshold,205,False,11.454153,587.0,150
standard_cloudy,Static Threshold,206,False,11.254333,643.0,150
standard_cloudy,Static Threshold,207,False,8.627147,639.0,150
standard_cloudy,Static Threshold,208,False,12.854246,608.0,150
standard_cloudy,Static Threshold,209,False,18.281094,669.0,150
standard_cloudy,Static Threshold,210,False,17.241095,658.0,150
standard_cloudy,Static Threshold,211,False,15.287706,617.0,150
standard_cloudy,Static Threshold,212,False,15.881014,668.0,150
standard_cloudy,Static Threshold,213,False,15.621113,673.0,150
standard_cloudy,Static Threshold,214,False,12.427554,612.0,150
standard_cloudy,Static Threshold,215,False,13.88098,672.0,150
standard_cloudy,Static Threshold,216,False,13.10758,612.0,150
standard_cloudy,Static Threshold,217,False,11.314206,639.0,150
standard_cloudy,Static Threshold,218,False,11.514186,608.0,150
standard_cloudy,Static Threshold,219,False,10.707455,634.0,150
standard_cloudy,Static Threshold,220,False,12.5808525,602.0,150
standard_cloudy,Static Threshold,221,False,10.874173,623.0,150
standard_cloudy,Static Threshold,222,False,13.447579,626.0,150
standard_cloudy,Static Threshold,223,False,13.207646,636.0,150
standard_cloudy,Static Threshold,224,False,13.014313,652.0,150
standard_cloudy,Static Threshold,225,False,11.24092,600.0,150
standard_cloudy,Static Threshold,226,False,13.720887,624.0,150
standard_cloudy,Static Threshold,227,False,13.661008,629.0,150
standard_cloudy,Static Threshold,228,False,9.393979,608.0,150
standard_cloudy,Static Threshold,229,False,9.613833,600.0,150
standard_cloudy,Proposed PPO RL,200,False,4.9469595,673.0,150
standard_cloudy,Proposed PPO RL,201,False,4.2201734,593.0,150
standard_cloudy,Proposed PPO RL,202,False,4.4404135,607.0,150
standard_cloudy,Proposed PPO RL,203,False,4.593847,613.0,150
standard_cloudy,Proposed PPO RL,204,False,4.313586,608.0,150
standard_cloudy,Proposed PPO RL,205,False,4.133613,587.0,150
standard_cloudy,Proposed PPO RL,206,False,4.6872935,643.0,150
standard_cloudy,Proposed PPO RL,207,False,4.8069997,639.0,150
standard_cloudy,Proposed PPO RL,208,False,4.5006266,608.0,150
standard_cloudy,Proposed PPO RL,209,False,5.2204995,665.0,150
standard_cloudy,Proposed PPO RL,210,False,5.00704,658.0,150
standard_cloudy,Proposed PPO RL,211,False,4.5336,615.0,150
standard_cloudy,Proposed PPO RL,212,False,5.026893,668.0,150
standard_cloudy,Proposed PPO RL,213,False,5.2538934,673.0,150
standard_cloudy,Proposed PPO RL,214,False,4.49382,612.0,150
standard_cloudy,Proposed PPO RL,215,False,5.093653,672.0,150
standard_cloudy,Proposed PPO RL,216,False,4.40032,612.0,150
standard_cloudy,Proposed PPO RL,217,False,4.72684,639.0,150
standard_cloudy,Proposed PPO RL,218,False,4.3936,608.0,150
standard_cloudy,Proposed PPO RL,219,False,4.653527,634.0,150
standard_cloudy,Proposed PPO RL,220,False,4.4872465,602.0000000000001,150
standard_cloudy,Proposed PPO RL,221,False,4.6136665,623.0,150
standard_cloudy,Proposed PPO RL,222,False,4.6138067,626.0,150
standard_cloudy,Proposed PPO RL,223,False,4.8736196,635.0,150
standard_cloudy,Proposed PPO RL,224,False,4.62704,652.0,150
standard_cloudy,Proposed PPO RL,225,False,4.267233,600.0,150
standard_cloudy,Proposed PPO RL,226,False,4.57372,620.997,150
standard_cloudy,Proposed PPO RL,227,False,4.7069135,629.0,150
standard_cloudy,Proposed PPO RL,228,False,4.4937534,608.0,150
standard_cloudy,Proposed PPO RL,229,False,4.2001934,600.0,150
volatile,Powersave,200,False,166.64667,150.0,150
volatile,Powersave,201,False,162.2,150.0,150
volatile,Powersave,202,False,170.97333,150.0,150
volatile,Powersave,203,False,162.20667,150.0,150
volatile,Powersave,204,False,167.46,150.0,150
volatile,Powersave,205,False,163.65334,150.0,150
volatile,Powersave,206,False,168.02667,150.0,150
volatile,Powersave,207,False,162.48,150.0,150
volatile,Powersave,208,False,166.16,150.0,150
volatile,Powersave,209,False,172.84,150.0,150
volatile,Powersave,210,False,167.02667,150.0,150
volatile,Powersave,211,False,167.56667,150.0,150
volatile,Powersave,212,False,169.80667,150.0,150
volatile,Powersave,213,False,172.47333,150.0,150
volatile,Powersave,214,False,164.22,150.0,150
volatile,Powersave,215,False,170.20667,150.0,150
volatile,Powersave,216,False,168.14667,150.0,150
volatile,Powersave,217,False,164.58,150.0,150
volatile,Powersave,218,False,164.72,150.0,150
volatile,Powersave,219,False,164.60667,150.0,150
volatile,Powersave,220,False,160.7,150.0,150
volatile,Powersave,221,False,164.55333,150.0,150
volatile,Powersave,222,False,167.16,150.0,150
volatile,Powersave,223,False,169.86667,150.0,150
volatile,Powersave,224,False,170.74,150.0,150
volatile,Powersave,225,False,168.56667,150.0,150
volatile,Powersave,226,False,163.67334,150.0,150
volatile,Powersave,227,False,167.34,150.0,150
volatile,Powersave,228,False,165.86667,150.0,150
volatile,Powersave,229,False,158.60667,150.0,150
volatile,Static Threshold,200,False,15.601107,657.0,150
volatile,Static Threshold,201,False,13.727493,627.0,150
volatile,Static Threshold,202,False,10.013846,604.0,150
volatile,Static Threshold,203,False,11.747487,625.0,150
volatile,Static Threshold,204,False,12.460853,613.0,150
volatile,Static Threshold,205,False,9.91412,599.0,150
volatile,Static Threshold,206,False,16.507748,627.0,150
volatile,Static Threshold,207,False,15.714408,620.0,150
volatile,Static Threshold,208,False,10.8141,610.0,150
volatile,Static Threshold,209,False,14.354313,642.0,150
volatile,Static Threshold,210,False,12.921053,634.0,150
volatile,Static Threshold,211,False,10.900814,608.0,150
volatile,Static Threshold,212,False,12.84756,676.0,150
volatile,Static Threshold,213,False,16.5411,656.0,150
volatile,Static Threshold,214,False,11.707374,585.0,150
volatile,Static Threshold,215,False,16.274479,654.0,150
volatile,Static Threshold,216,False,12.667486,620.0,150
volatile,Static Threshold,217,False,12.8676605,634.0,150
volatile,Static Threshold,218,False,14.367554,616.0,150
volatile,Static Threshold,219,False,15.254448,611.0,150
volatile,Static Threshold,220,False,10.654211,589.0,150
volatile,Static Threshold,221,False,12.647513,638.0,150
volatile,Static Threshold,222,False,11.640873,632.0,150
volatile,Static Threshold,223,False,16.714453,655.0,150
volatile,Static Threshold,224,False,12.887608,628.0,150
volatile,Static Threshold,225,False,12.620867,595.0,150
volatile,Static Threshold,226,False,11.794147,627.0,150
volatile,Static Threshold,227,False,13.887681,624.0,150
volatile,Static Threshold,228,False,14.327606,619.0,150
volatile,Static Threshold,229,False,14.18762,600.0,150
volatile,Proposed PPO RL,200,False,4.787033,657.0,150
volatile,Proposed PPO RL,201,False,4.573613,627.0,150
volatile,Proposed PPO RL,202,False,4.38052,604.0,150
volatile,Proposed PPO RL,203,False,4.5468597,623.0,150
volatile,Proposed PPO RL,204,False,4.5471134,613.0,150
volatile,Proposed PPO RL,205,False,4.180227,599.0,150
volatile,Proposed PPO RL,206,False,4.5003595,627.0,150
volatile,Proposed PPO RL,207,False,4.5672665,620.0,150
volatile,Proposed PPO RL,208,False,4.2670264,610.0,150
volatile,Proposed PPO RL,209,False,5.067323,642.0,150
volatile,Proposed PPO RL,210,False,4.8670864,634.0,150
volatile,Proposed PPO RL,211,False,4.4269395,608.0,150
volatile,Proposed PPO RL,212,False,5.04684,676.0,150
volatile,Proposed PPO RL,213,False,5.04726,656.0,150
volatile,Proposed PPO RL,214,False,4.1403065,585.0,150
volatile,Proposed PPO RL,215,False,4.913473,654.0,150
volatile,Proposed PPO RL,216,False,4.4536333,620.0,150
volatile,Proposed PPO RL,217,False,4.526913,634.0,150
volatile,Proposed PPO RL,218,False,4.400367,616.0,150
volatile,Proposed PPO RL,219,False,4.42016,611.0,150
volatile,Proposed PPO RL,220,False,4.340393,589.0000000000001,150
volatile,Proposed PPO RL,221,False,4.7602663,637.0,150
volatile,Proposed PPO RL,222,False,4.8674603,632.0,150
volatile,Proposed PPO RL,223,False,5.1340466,655.0,150
volatile,Proposed PPO RL,224,False,4.5203733,628.0,150
volatile,Proposed PPO RL,225,False,4.2469664,595.0,150
volatile,Proposed PPO RL,226,False,4.613653,627.0,150
volatile,Proposed PPO RL,227,False,4.6338067,624.0,150
volatile,Proposed PPO RL,228,False,4.493693,618.0,150
volatile,Proposed PPO RL,229,False,4.18014,600.0,150
clear_day,Powersave,200,False,169.71333,150.0,150
clear_day,Powersave,201,False,159.02667,150.0,150
clear_day,Powersave,202,False,167.61333,150.0,150
clear_day,Powersave,203,False,165.26,150.0,150
clear_day,Powersave,204,False,166.93333,150.0,150
clear_day,Powersave,205,False,159.37334,150.0,150
clear_day,Powersave,206,False,171.54,150.0,150
clear_day,Powersave,207,False,170.16667,150.0,150
clear_day,Powersave,208,False,169.57333,150.0,150
clear_day,Powersave,209,False,169.14,150.0,150
clear_day,Powersave,210,False,167.37334,150.0,150
clear_day,Powersave,211,False,167.24667,150.0,150
clear_day,Powersave,212,False,167.24,150.0,150
clear_day,Powersave,213,False,171.93333,150.0,150
clear_day,Powersave,214,False,169.36667,150.0,150
clear_day,Powersave,215,False,167.99333,150.0,150
clear_day,Powersave,216,False,162.81334,150.0,150
clear_day,Powersave,217,False,167.5,150.0,150
clear_day,Powersave,218,False,166.33333,150.0,150
clear_day,Powersave,219,False,164.98,150.0,150
clear_day,Powersave,220,False,165.9,150.0,150
clear_day,Powersave,221,False,167.56667,150.0,150
clear_day,Powersave,222,False,167.48,150.0,150
clear_day,Powersave,223,False,161.18,150.0,150
clear_day,Powersave,224,False,167.67334,150.0,150
clear_day,Powersave,225,False,165.81334,150.0,150
clear_day,Powersave,226,False,166.90666,150.0,150
clear_day,Powersave,227,False,167.87334,150.0,150
clear_day,Powersave,228,False,164.64,150.0,150
clear_day,Powersave,229,False,161.78,150.0,150
clear_day,Static Threshold,200,False,4.6334934,673.0,150
clear_day,Static Threshold,201,False,4.006767,593.0,150
clear_day,Static Threshold,202,False,4.153527,608.0,150
clear_day,Static Threshold,203,False,4.2335134,613.0,150
clear_day,Static Threshold,204,False,4.0667334,608.0,150
clear_day,Static Threshold,205,False,3.9267867,587.0,150
clear_day,Static Threshold,206,False,4.4068003,643.0,150
clear_day,Static Threshold,207,False,4.366767,639.0,150
clear_day,Static Threshold,208,False,4.1267667,608.0,150
clear_day,Static Threshold,209,False,4.8936534,669.0,150
clear_day,Static Threshold,210,False,4.446767,658.0,150
clear_day,Static Threshold,211,False,4.2334666,617.0,150
clear_day,Static Threshold,212,False,4.540153,668.0,150
clear_day,Static Threshold,213,False,4.6601,673.0,150
clear_day,Static Threshold,214,False,4.12016,612.0,150
clear_day,Static Threshold,215,False,4.5667667,672.0,150
clear_day,Static Threshold,216,False,4.1734533,612.0,150
clear_day,Static Threshold,217,False,4.3534336,639.0,150
clear_day,Static Threshold,218,False,4.1334534,608.0,150
clear_day,Static Threshold,219,False,4.273433,634.0,150
clear_day,Static Threshold,220,False,4.3335466,602.0,150
clear_day,Static Threshold,221,False,4.2134333,623.0,150
clear_day,Static Threshold,222,False,4.2468,626.0,150
clear_day,Static Threshold,223,False,4.3134866,636.0,150
clear_day,Static Threshold,224,False,4.366767,652.0,150
clear_day,Static Threshold,225,False,4.053467,600.0,150
clear_day,Static Threshold,226,False,4.3401732,624.0,150
clear_day,Static Threshold,227,False,4.2934337,629.0,150
clear_day,Static Threshold,228,False,4.1067667,608.0,150
clear_day,Static Threshold,229,False,3.9934,600.0,150
clear_day,Proposed PPO RL,200,False,4.9469595,673.0,150
clear_day,Proposed PPO RL,201,False,4.2201734,593.0,150
clear_day,Proposed PPO RL,202,False,4.4404135,607.0,150
clear_day,Proposed PPO RL,203,False,4.593847,613.0,150
clear_day,Proposed PPO RL,204,False,4.313586,608.0,150
clear_day,Proposed PPO RL,205,False,4.133613,587.0,150
clear_day,Proposed PPO RL,206,False,4.6872935,643.0,150
clear_day,Proposed PPO RL,207,False,4.8069997,639.0,150
clear_day,Proposed PPO RL,208,False,4.5006266,608.0,150
clear_day,Proposed PPO RL,209,False,5.2204995,665.0,150
clear_day,Proposed PPO RL,210,False,5.00704,658.0,150
clear_day,Proposed PPO RL,211,False,4.53358,615.0,150
clear_day,Proposed PPO RL,212,False,5.026893,668.0,150
clear_day,Proposed PPO RL,213,False,5.2538934,673.0,150
clear_day,Proposed PPO RL,214,False,4.49382,612.0,150
clear_day,Proposed PPO RL,215,False,5.09358,672.0,150
clear_day,Proposed PPO RL,216,False,4.40032,612.0,150
clear_day,Proposed PPO RL,217,False,4.72684,639.0,150
clear_day,Proposed PPO RL,218,False,4.3936,608.0,150
clear_day,Proposed PPO RL,219,False,4.653527,634.0,150
clear_day,Proposed PPO RL,220,False,4.4872465,602.0000000000001,150
clear_day,Proposed PPO RL,221,False,4.6136665,623.0,150
clear_day,Proposed PPO RL,222,False,4.6138067,626.0,150
clear_day,Proposed PPO RL,223,False,4.8736196,635.0,150
clear_day,Proposed PPO RL,224,False,4.62704,652.0,150
clear_day,Proposed PPO RL,225,False,4.267233,600.0,150
clear_day,Proposed PPO RL,226,False,4.57372,620.997,150
clear_day,Proposed PPO RL,227,False,4.7069135,629.0,150
clear_day,Proposed PPO RL,228,False,4.4937534,608.0,150
clear_day,Proposed PPO RL,229,False,4.2001934,600.0,150
